file_path,filename,title,creator,era,match_source
C:\Users\lbouw\Downloads\Star_Wars_Books\Before the Republic\Novels\002 - Dawn of the Jedi_Into the Void.epub,002 - Dawn of the Jedi_Into the Void.epub,Into the Void: Star Wars (Dawn of the Jedi),Tim Lebbon,,unmatched
C:\Users\lbouw\Downloads\Star_Wars_Books\Legacy Era\Novels\248 - Legacy of the Force_Betrayal.epub,248 - Legacy of the Force_Betrayal.epub,Book 1 - Betrayal,Aaron Allston,,unmatched
C:\Users\lbouw\Downloads\Star_Wars_Books\Legacy Era\Novels\249- Legacy of the Force_Bloodlines.epub,249- Legacy of the Force_Bloodlines.epub,Book 2- Bloodlines,Karen Traviss,,unmatched
C:\Users\lbouw\Downloads\Star_Wars_Books\Legacy Era\Novels\250 - Legacy of the Force_Tempest.epub,250 - Legacy of the Force_Tempest.epub,Book 3 - Tempest,Troy Denning,,unmatched
C:\Users\lbouw\Downloads\Star_Wars_Books\Legacy Era\Novels\251 - Legacy of the Force_Exile.epub,251 - Legacy of the Force_Exile.epub,Book 4 - Exile,Aaron Allston,,unmatched
C:\Users\lbouw\Downloads\Star_Wars_Books\Legacy Era\Novels\252 - Legacy of the Force_Sacrifice.epub,252 - Legacy of the Force_Sacrifice.epub,Book 5 - Sacrifice,Karen Traviss,,unmatched
C:\Users\lbouw\Downloads\Star_Wars_Books\Legacy Era\Novels\253 - Legacy of the Force_Inferno.epub,253 - Legacy of the Force_Inferno.epub,Book 6 - Inferno,Troy Denning,,unmatched
C:\Users\lbouw\Downloads\Star_Wars_Books\Legacy Era\Novels\254 - Legacy of the Force_Fury.epub,254 - Legacy of the Force_Fury.epub,Book 7 - Fury,Aaron Allston,,unmatched
C:\Users\lbouw\Downloads\Star_Wars_Books\Legacy Era\Novels\255 - Legacy of the Force_Revelation.epub,255 - Legacy of the Force_Revelation.epub,Book 8 - Revelation,Karen Traviss,,unmatched
C:\Users\lbouw\Downloads\Star_Wars_Books\Legacy Era\Novels\256 - Legacy of the Force_Invincible.epub,256 - Legacy of the Force_Invincible.epub,Book 9 - Invincible,Troy Denning,,unmatched
C:\Users\lbouw\Downloads\Star_Wars_Books\Legacy Era\Novels\257 - Crosscurrent.epub,257 - Crosscurrent.epub,Book 1 - Crosscurrent,Paul S. Kemp,,unmatched
C:\Users\lbouw\Downloads\Star_Wars_Books\Legacy Era\Novels\258 - Riptide.epub,258 - Riptide.epub,Book 2 - Riptide,Paul S. Kemp,,unmatched
C:\Users\lbouw\Downloads\Star_Wars_Books\Legacy Era\Novels\259 - Millennium Falcon.epub,259 - Millennium Falcon.epub,Book 1 - Millennium Falcon,James Luceno,,unmatched
C:\Users\lbouw\Downloads\Star_Wars_Books\Legacy Era\Novels\260 - Fate of the Jedi_Outcast.epub,260 - Fate of the Jedi_Outcast.epub,Book 1 - Outcast,Aaron Allston,,unmatched
C:\Users\lbouw\Downloads\Star_Wars_Books\Legacy Era\Novels\261 - Fate of the Jedi_Omen.epub,261 - Fate of the Jedi_Omen.epub,Book 2 - Omen,Christie Golden,,unmatched
C:\Users\lbouw\Downloads\Star_Wars_Books\Legacy Era\Novels\262 - Fate of the Jedi_Abyss.epub,262 - Fate of the Jedi_Abyss.epub,Book 3 - Abyss,Troy Denning,,unmatched
C:\Users\lbouw\Downloads\Star_Wars_Books\Legacy Era\Novels\263 - Fate of the Jedi_Backlash.epub,263 - Fate of the Jedi_Backlash.epub,Book 4 - Backlash,Aaron Allston,,unmatched
C:\Users\lbouw\Downloads\Star_Wars_Books\Legacy Era\Novels\264 - Fate of the Jedi_Allies.epub,264 - Fate of the Jedi_Allies.epub,Book 5 - Allies,Christie Golden,,unmatched
C:\Users\lbouw\Downloads\Star_Wars_Books\Legacy Era\Novels\265 - Fate of the Jedi_Vortex.epub,265 - Fate of the Jedi_Vortex.epub,Book 6 - Vortex,Troy Denning,,unmatched
C:\Users\lbouw\Downloads\Star_Wars_Books\Legacy Era\Novels\266 - Fate of the Jedi_Conviction.epub,266 - Fate of the Jedi_Conviction.epub,Book 7 - Conviction,Aaron Allston,,unmatched
C:\Users\lbouw\Downloads\Star_Wars_Books\Legacy Era\Novels\267 - Fate of the Jedi_Ascension.epub,267 - Fate of the Jedi_Ascension.epub,Book 8 - Ascension,Christie Golden,,unmatched
C:\Users\lbouw\Downloads\Star_Wars_Books\Legacy Era\Novels\268 - Fate of the Jedi_Apocalypse.epub,268 - Fate of the Jedi_Apocalypse.epub,Book 9 - Apocalypse,Troy Denning,,unmatched
C:\Users\lbouw\Downloads\Star_Wars_Books\Legacy Era\Novels\269 - X-Wing_Mercy Kill.epub,269 - X-Wing_Mercy Kill.epub,Book 10 - Mercy Kill,Aaron Allston,,unmatched
C:\Users\lbouw\Downloads\Star_Wars_Books\Legacy Era\Novels\270 - Crucible.epub,270 - Crucible.epub,Crucible: Star Wars,Troy Denning,,unmatched
C:\Users\lbouw\Downloads\Star_Wars_Books\New Jedi Order Era\Novels\223 - Boba Fett_A Practical Man.epub,223 - Boba Fett_A Practical Man.epub,"Book 1 - Boba Fett, A Practical Man",Karen Traviss,,unmatched
C:\Users\lbouw\Downloads\Star_Wars_Books\New Jedi Order Era\Novels\224 - The New Jedi Order_Vector Prime.epub,224 - The New Jedi Order_Vector Prime.epub,Book 01 - Vector Prime,R. A. Salvatore,,unmatched
C:\Users\lbouw\Downloads\Star_Wars_Books\New Jedi Order Era\Novels\225 - The New Jedi Order_Dark Tide I - Onslaught.epub,225 - The New Jedi Order_Dark Tide I - Onslaught.epub,Book 02 - Dark Tide I - Onslaught,Michael A. Stackpole,,unmatched
C:\Users\lbouw\Downloads\Star_Wars_Books\New Jedi Order Era\Novels\226 - The New Jedi Order_Dark Tide II - Ruin.epub,226 - The New Jedi Order_Dark Tide II - Ruin.epub,Book 03 - Dark Tide II - Ruin,Michael A. Stackpole,,unmatched
C:\Users\lbouw\Downloads\Star_Wars_Books\New Jedi Order Era\Novels\227 - The New Jedi Order_Agents of Chaos I - Hero's Trial.epub,227 - The New Jedi Order_Agents of Chaos I - Hero's Trial.epub,Book 04 - Agents of Chaos I - Hero's Trial,James Luceno,,unmatched
C:\Users\lbouw\Downloads\Star_Wars_Books\New Jedi Order Era\Novels\228 - The New Jedi Order_Agents of Chaos II - Jedi Eclipse.epub,228 - The New Jedi Order_Agents of Chaos II - Jedi Eclipse.epub,Book 05 - Agents of Chaos II - Jedi Eclipse,James Luceno,,unmatched
C:\Users\lbouw\Downloads\Star_Wars_Books\New Jedi Order Era\Novels\229 - The New Jedi Order_Balance Point.epub,229 - The New Jedi Order_Balance Point.epub,Book 06 - Balance Point,Kathy Tyers,,unmatched
C:\Users\lbouw\Downloads\Star_Wars_Books\New Jedi Order Era\Novels\230 - The New Jedi Order_Recovery.epub,230 - The New Jedi Order_Recovery.epub,Book 07 - Recovery,Troy Denning,,unmatched
C:\Users\lbouw\Downloads\Star_Wars_Books\New Jedi Order Era\Novels\231 - The New Jedi Order_Edge of Victory I - Conquest.epub,231 - The New Jedi Order_Edge of Victory I - Conquest.epub,Book 08 - Edge of Victory I - Conquest,Greg Keyes,,unmatched
C:\Users\lbouw\Downloads\Star_Wars_Books\New Jedi Order Era\Novels\232 - The New Jedi Order_Edge of Victory II - Rebirth.epub,232 - The New Jedi Order_Edge of Victory II - Rebirth.epub,Book 09 - Edge of Victory II - Rebirth,Greg Keyes,,unmatched
C:\Users\lbouw\Downloads\Star_Wars_Books\New Jedi Order Era\Novels\233 - The New Jedi Order_Star by Star.epub,233 - The New Jedi Order_Star by Star.epub,Book 10 - Star by Star,Troy Denning,,unmatched
C:\Users\lbouw\Downloads\Star_Wars_Books\New Jedi Order Era\Novels\234 - The New Jedi Order_Dark Journey.epub,234 - The New Jedi Order_Dark Journey.epub,Book 11 - Dark Journey,Elaine Cunningham,,unmatched
C:\Users\lbouw\Downloads\Star_Wars_Books\New Jedi Order Era\Novels\235 - The New Jedi Order_Enemy Lines I - Rebel Dream.epub,235 - The New Jedi Order_Enemy Lines I - Rebel Dream.epub,Book 12 - Enemy Lines I - Rebel Dreams,Aaron Allston,,unmatched
C:\Users\lbouw\Downloads\Star_Wars_Books\New Jedi Order Era\Novels\236 - The New Jedi Order_Enemy Lines II - Rebel Stand.epub,236 - The New Jedi Order_Enemy Lines II - Rebel Stand.epub,Book 13 - Enemy Lines II - Rebel Stand,Aaron Allston,,unmatched
C:\Users\lbouw\Downloads\Star_Wars_Books\New Jedi Order Era\Novels\237 - The New Jedi Order_Traitor.epub,237 - The New Jedi Order_Traitor.epub,Book 14 - Traitor,Matthew Stover,,unmatched
C:\Users\lbouw\Downloads\Star_Wars_Books\New Jedi Order Era\Novels\238 - The New Jedi Order_Destiny's Way.epub,238 - The New Jedi Order_Destiny's Way.epub,Book 15 - Destiny's Way,Walter Jon Williams,,unmatched
C:\Users\lbouw\Downloads\Star_Wars_Books\New Jedi Order Era\Novels\239 - The New Jedi Order_Ylesia.epub,239 - The New Jedi Order_Ylesia.epub,Book 16 - Ylesia,Walter Jon Williams,,unmatched
C:\Users\lbouw\Downloads\Star_Wars_Books\New Jedi Order Era\Novels\240 - The New Jedi Order_Force Heretic I - Remnant.epub,240 - The New Jedi Order_Force Heretic I - Remnant.epub,Book 17 - Force Heretic I - Remnant,Sean Williams,,unmatched
C:\Users\lbouw\Downloads\Star_Wars_Books\New Jedi Order Era\Novels\241 - The New Jedi Order_Force Heretic II - Refugee.epub,241 - The New Jedi Order_Force Heretic II - Refugee.epub,Book 18 - Force Heretic II - Refugee,Sean Williams,,unmatched
C:\Users\lbouw\Downloads\Star_Wars_Books\New Jedi Order Era\Novels\242 - The New Jedi Order_Force Heretic III - Reunion.epub,242 - The New Jedi Order_Force Heretic III - Reunion.epub,Book 19 - Force Heretic III - Reunion,Sean Williams,,unmatched
C:\Users\lbouw\Downloads\Star_Wars_Books\New Jedi Order Era\Novels\243 - The New Jedi Order_The Final Prophecy.epub,243 - The New Jedi Order_The Final Prophecy.epub,Book 20 - The Final Prophecy,Greg Keyes,,unmatched
C:\Users\lbouw\Downloads\Star_Wars_Books\New Jedi Order Era\Novels\244 - The New Jedi Order_The Unifying Force.epub,244 - The New Jedi Order_The Unifying Force.epub,Book 21 - The Unifying Force,James Luceno,,unmatched
C:\Users\lbouw\Downloads\Star_Wars_Books\New Jedi Order Era\Novels\245 - Dark Nest_The Joiner King.epub,245 - Dark Nest_The Joiner King.epub,Book 1 - The Joiner King,Troy Denning,,unmatched
C:\Users\lbouw\Downloads\Star_Wars_Books\New Jedi Order Era\Novels\246 - Dark Nest_The Unseen Queen.epub,246 - Dark Nest_The Unseen Queen.epub,Book 2 - The Unseen Queen,Troy Denning,,unmatched
C:\Users\lbouw\Downloads\Star_Wars_Books\New Jedi Order Era\Novels\247 - Dark Nest_The Swarm War.epub,247 - Dark Nest_The Swarm War.epub,Book 3 - The Swarm War,Troy Denning,,unmatched
C:\Users\lbouw\Downloads\Star_Wars_Books\New Republic Era\Novels\158 - Tales From the New Republic.epub,158 - Tales From the New Republic.epub,Book 5 - Tales From the New Republic,Peter Schweighofer,,unmatched
C:\Users\lbouw\Downloads\Star_Wars_Books\New Republic Era\Novels\159 - Luke Skywalker and the Shadows of Mindor.epub,159 - Luke Skywalker and the Shadows of Mindor.epub,Book 1 - Shadows of Mindor,Matthew Stover,,unmatched
C:\Users\lbouw\Downloads\Star_Wars_Books\New Republic Era\Novels\160 - Jedi Prince_The Glove of Darth Vader.epub,160 - Jedi Prince_The Glove of Darth Vader.epub,Book 1 - The Glove of Darth Vader,Paul Davids,,unmatched
C:\Users\lbouw\Downloads\Star_Wars_Books\New Republic Era\Novels\161 - Jedi Prince_The Lost City of the Jedi.epub,161 - Jedi Prince_The Lost City of the Jedi.epub,Book 2 - The Lost City of the Jedi,Paul Davids,,unmatched
C:\Users\lbouw\Downloads\Star_Wars_Books\New Republic Era\Novels\162 - Jedi Prince_Zorba the Hutt's Revenge.epub,162 - Jedi Prince_Zorba the Hutt's Revenge.epub,Book 3 - Zorba the Hutt's Revenge,Paul Davids,,unmatched
C:\Users\lbouw\Downloads\Star_Wars_Books\New Republic Era\Novels\163 - Jedi Prince_Mission From Mount Yoda.epub,163 - Jedi Prince_Mission From Mount Yoda.epub,Book 4 - Mission From Mount Yoda,Paul Davids,,unmatched
C:\Users\lbouw\Downloads\Star_Wars_Books\New Republic Era\Novels\164 - Jedi Prince_Queen of the Empire.epub,164 - Jedi Prince_Queen of the Empire.epub,Book 5 - Queen of the Empire,Paul Davids,,unmatched
C:\Users\lbouw\Downloads\Star_Wars_Books\New Republic Era\Novels\165 - Jedi Prince_Prophets of the Dark Side.epub,165 - Jedi Prince_Prophets of the Dark Side.epub,Book 6 - Prophets of the Dark Side,Paul Davids,,unmatched
C:\Users\lbouw\Downloads\Star_Wars_Books\New Republic Era\Novels\166 - Dark Forces_Rebel Agent.epub,166 - Dark Forces_Rebel Agent.epub,Star Wars: Dark Forces: Rebel Agent Gsa: Dark Forces: Rebel Agent Gsa,William C. Dietz,,unmatched
C:\Users\lbouw\Downloads\Star_Wars_Books\New Republic Era\Novels\167 - Dark Forces_ Jedi Knight.epub,167 - Dark Forces_ Jedi Knight.epub,Star Wars: Dark Forces: Jedi Knight,William C Dietz,,unmatched
C:\Users\lbouw\Downloads\Star_Wars_Books\New Republic Era\Novels\168 - X-Wing_Rogue Squadron.epub,168 - X-Wing_Rogue Squadron.epub,Book 01 - Rogue Squadron,Michael A. Stackpole,,unmatched
C:\Users\lbouw\Downloads\Star_Wars_Books\New Republic Era\Novels\169 - X-Wing_Wedge's Gamble.epub,169 - X-Wing_Wedge's Gamble.epub,Book 02 - Wedge's Gamble,Michael A. Stackpole,,unmatched
C:\Users\lbouw\Downloads\Star_Wars_Books\New Republic Era\Novels\170 - X-Wing_The Krytos Trap.epub,170 - X-Wing_The Krytos Trap.epub,Book 03 - The Krytos Trap,Michael A. Stackpole,,unmatched
C:\Users\lbouw\Downloads\Star_Wars_Books\New Republic Era\Novels\171 - X-Wing_The Bacta War.epub,171 - X-Wing_The Bacta War.epub,Book 04 - The Bacta War,Michael A. Stackpole,,unmatched
C:\Users\lbouw\Downloads\Star_Wars_Books\New Republic Era\Novels\172 - X-Wing_Wraith Squadron.epub,172 - X-Wing_Wraith Squadron.epub,Book 05 - Wraith Squadron,Aaron Allston,,unmatched
C:\Users\lbouw\Downloads\Star_Wars_Books\New Republic Era\Novels\173 - X-Wing_Iron Fist.epub,173 - X-Wing_Iron Fist.epub,Book 06 - Iron Fist,Aaron Allston,,unmatched
C:\Users\lbouw\Downloads\Star_Wars_Books\New Republic Era\Novels\174 - X-Wing_Solo Command.epub,174 - X-Wing_Solo Command.epub,Book 07 - Solo Command,Aaron Allston,,unmatched
C:\Users\lbouw\Downloads\Star_Wars_Books\New Republic Era\Novels\175 - The Courtship of Princess Leia.epub,175 - The Courtship of Princess Leia.epub,Book 1 - The Courtship of Princess Leia,Dave Wolverton,,unmatched
C:\Users\lbouw\Downloads\Star_Wars_Books\New Republic Era\Novels\176 - A Forest Apart.epub,176 - A Forest Apart.epub,Book 1 - A Forest Apart,Troy Denning,,unmatched
C:\Users\lbouw\Downloads\Star_Wars_Books\New Republic Era\Novels\177 - Tatooine Ghost.epub,177 - Tatooine Ghost.epub,Book 1 - Tatooine Ghost,Troy Denning,,unmatched
C:\Users\lbouw\Downloads\Star_Wars_Books\New Republic Era\Novels\178 - Thrawn_Heir to the Empire.epub,178 - Thrawn_Heir to the Empire.epub,Book 1 - Heir to the Empire,Timothy Zahn,,unmatched
C:\Users\lbouw\Downloads\Star_Wars_Books\New Republic Era\Novels\179 - Thrawn_Dark Force Rising.epub,179 - Thrawn_Dark Force Rising.epub,Book 2 - Dark Force Rising,Timothy Zahn,,unmatched
C:\Users\lbouw\Downloads\Star_Wars_Books\New Republic Era\Novels\180 - Thrawn_The Last Command.epub,180 - Thrawn_The Last Command.epub,Book 3 - The Last Command,Timothy Zahn,,unmatched
C:\Users\lbouw\Downloads\Star_Wars_Books\New Republic Era\Novels\181 - X-Wing_Isard's Revenge.epub,181 - X-Wing_Isard's Revenge.epub,Book 08 - Isard's Revenge,Michael A. Stackpole,,unmatched
C:\Users\lbouw\Downloads\Star_Wars_Books\New Republic Era\Novels\182 - The Jedi Academy_Jedi Search.epub,182 - The Jedi Academy_Jedi Search.epub,Book 1 - Jedi Search,Kevin J. Anderson,,unmatched
C:\Users\lbouw\Downloads\Star_Wars_Books\New Republic Era\Novels\183 - The Jedi Academy_Dark Apprentice.epub,183 - The Jedi Academy_Dark Apprentice.epub,Book 2 - Dark Apprentice,Kevin J. Anderson,,unmatched
C:\Users\lbouw\Downloads\Star_Wars_Books\New Republic Era\Novels\184 - The Jedi Academy_Champions of the Force.epub,184 - The Jedi Academy_Champions of the Force.epub,Book 3 - Champions of the Force,Kevin J. Anderson,,unmatched
"C:\Users\lbouw\Downloads\Star_Wars_Books\New Republic Era\Novels\185 - I, Jedi.epub","185 - I, Jedi.epub","Book 1 - I, Jedi",Michael A. Stackpole,,unmatched
C:\Users\lbouw\Downloads\Star_Wars_Books\New Republic Era\Novels\186 - Children of the Jedi.epub,186 - Children of the Jedi.epub,Book 1 - Children of the Jedi,Barbara Hambly,,unmatched
C:\Users\lbouw\Downloads\Star_Wars_Books\New Republic Era\Novels\187 - Darksaber.epub,187 - Darksaber.epub,Book 2 - Darksaber,Kevin J. Anderson,,unmatched
C:\Users\lbouw\Downloads\Star_Wars_Books\New Republic Era\Novels\188 - X-Wing_Starfighters of Adumar.epub,188 - X-Wing_Starfighters of Adumar.epub,Book 09 - Starfighters of Adumar,Aaron Allston,,unmatched
C:\Users\lbouw\Downloads\Star_Wars_Books\New Republic Era\Novels\189 - Planet of Twilight.epub,189 - Planet of Twilight.epub,Book 3 - Planet of Twilight,Barbara Hambly,,unmatched
C:\Users\lbouw\Downloads\Star_Wars_Books\New Republic Era\Novels\190 - The Crystal Star.epub,190 - The Crystal Star.epub,Book 1 - The Crystal Star,Vonda McIntyre,,unmatched
C:\Users\lbouw\Downloads\Star_Wars_Books\New Republic Era\Novels\191 - The Black Fleet Crisis_Before the Storm.epub,191 - The Black Fleet Crisis_Before the Storm.epub,Book 1 - Before the Storm,Michael P. Kube-Mcdowell,,unmatched
C:\Users\lbouw\Downloads\Star_Wars_Books\New Republic Era\Novels\192 - The Black Fleet Crisis_Shield of Lies.epub,192 - The Black Fleet Crisis_Shield of Lies.epub,Book 2 - Shield of Lies,Michael P. Kube-Mcdowell,,unmatched
C:\Users\lbouw\Downloads\Star_Wars_Books\New Republic Era\Novels\193 - The Black Fleet Crisis_Tyrant's Test.epub,193 - The Black Fleet Crisis_Tyrant's Test.epub,Book 3 - Tyrant's Test,Michael P. Kube-Mcdowell,,unmatched
C:\Users\lbouw\Downloads\Star_Wars_Books\New Republic Era\Novels\194 - The New Rebellion.epub,194 - The New Rebellion.epub,Book 1 - The New Rebellion,Kristine Kathryn Rusch,,unmatched
C:\Users\lbouw\Downloads\Star_Wars_Books\New Republic Era\Novels\195 - The Corellian_Ambush at Corellia.epub,195 - The Corellian_Ambush at Corellia.epub,Book 1 - Ambush at Corellia,Roger Macbride Allen,,unmatched
C:\Users\lbouw\Downloads\Star_Wars_Books\New Republic Era\Novels\196 - The Corellian_Assault at Selonia.epub,196 - The Corellian_Assault at Selonia.epub,Book 2 - Assault at Selonia,Roger Macbride Allen,,unmatched
C:\Users\lbouw\Downloads\Star_Wars_Books\New Republic Era\Novels\197 - The Corellian_Showdown at Centerpoint.epub,197 - The Corellian_Showdown at Centerpoint.epub,Book 3 - Showdown at Centerpoint,Roger Macbride Allen,,unmatched
C:\Users\lbouw\Downloads\Star_Wars_Books\New Republic Era\Novels\198 - The Hand of Thrawn_Specter of the Past.epub,198 - The Hand of Thrawn_Specter of the Past.epub,Book 1 - Specter of the Past,Timothy Zahn,,unmatched
C:\Users\lbouw\Downloads\Star_Wars_Books\New Republic Era\Novels\199 - The Hand of Thrawn_Vision of the Future.epub,199 - The Hand of Thrawn_Vision of the Future.epub,Book 2 - Vision of the Future,Timothy Zahn,,unmatched
C:\Users\lbouw\Downloads\Star_Wars_Books\New Republic Era\Novels\200 - Scourge.epub,200 - Scourge.epub,Book 1 - Scourge,Jeff Grubb,,unmatched
C:\Users\lbouw\Downloads\Star_Wars_Books\New Republic Era\Novels\201 - Junior Jedi Knights_The Golden Globe.epub,201 - Junior Jedi Knights_The Golden Globe.epub,Book 1 - The Golden Globe,Nancy Richardson,,unmatched
C:\Users\lbouw\Downloads\Star_Wars_Books\New Republic Era\Novels\202 - Junior Jedi Knights_Lyric's World.epub,202 - Junior Jedi Knights_Lyric's World.epub,Book 2 - Lyric's World,Nancy Richardson,,unmatched
C:\Users\lbouw\Downloads\Star_Wars_Books\New Republic Era\Novels\203 - Junior Jedi Knights_Promises.epub,203 - Junior Jedi Knights_Promises.epub,Book 3 - Promises,Nancy Richardson,,unmatched
C:\Users\lbouw\Downloads\Star_Wars_Books\New Republic Era\Novels\204 - Junior Jedi Knights_Anakin's Quest.epub,204 - Junior Jedi Knights_Anakin's Quest.epub,Book 4 - Anakin's Quest,Rebecca Moesta,,unmatched
C:\Users\lbouw\Downloads\Star_Wars_Books\New Republic Era\Novels\205 - Junior Jedi Knights_Vader's Fortress.epub,205 - Junior Jedi Knights_Vader's Fortress.epub,Book 5 - Vader's Fortress,Rebecca Moesta,,unmatched
C:\Users\lbouw\Downloads\Star_Wars_Books\New Republic Era\Novels\206 - Junior Jedi Knights_Kenobi's Blade.epub,206 - Junior Jedi Knights_Kenobi's Blade.epub,Book 6 - Kenobi's Blade,Rebecca Moesta,,unmatched
C:\Users\lbouw\Downloads\Star_Wars_Books\New Republic Era\Novels\207 - Fool's Bargain.epub,207 - Fool's Bargain.epub,Book 1 - Fool's Bargain,Timothy Zahn,,unmatched
C:\Users\lbouw\Downloads\Star_Wars_Books\New Republic Era\Novels\208 - Survivor's Quest.epub,208 - Survivor's Quest.epub,Book 2 - Survivor's Quest,Timothy Zahn,,unmatched
C:\Users\lbouw\Downloads\Star_Wars_Books\New Republic Era\Novels\209 - Young Jedi Knights_Heirs of the Force.epub,209 - Young Jedi Knights_Heirs of the Force.epub,Book 01 - Heirs of the Force,Kevin J. Anderson,,unmatched
C:\Users\lbouw\Downloads\Star_Wars_Books\New Republic Era\Novels\210 - Young Jedi Knights_Shadow Academy.epub,210 - Young Jedi Knights_Shadow Academy.epub,Book 02 - Shadow Academy,Kevin J. Anderson,,unmatched
C:\Users\lbouw\Downloads\Star_Wars_Books\New Republic Era\Novels\211 - Young Jedi Knights_The Lost Ones.epub,211 - Young Jedi Knights_The Lost Ones.epub,Book 03 - The Lost Ones,Kevin J. Anderson,,unmatched
C:\Users\lbouw\Downloads\Star_Wars_Books\New Republic Era\Novels\212 - Young Jedi Knights_Lightsabers.epub,212 - Young Jedi Knights_Lightsabers.epub,Book 04 - Lightsabers,Kevin J. Anderson,,unmatched
C:\Users\lbouw\Downloads\Star_Wars_Books\New Republic Era\Novels\213 - Young Jedi Knights_Darkest Knight.epub,213 - Young Jedi Knights_Darkest Knight.epub,Book 05 - Darkest Knight,Kevin J. Anderson,,unmatched
C:\Users\lbouw\Downloads\Star_Wars_Books\New Republic Era\Novels\214 - Young Jedi Knights_Jedi Under Siege.epub,214 - Young Jedi Knights_Jedi Under Siege.epub,Book 06 - Jedi Under Siege,Kevin J. Anderson,,unmatched
C:\Users\lbouw\Downloads\Star_Wars_Books\New Republic Era\Novels\215 - Young Jedi Knights_Shards of Alderaann.epub,215 - Young Jedi Knights_Shards of Alderaann.epub,Book 07 - Shards of Alderaan,Kevin J. Anderson,,unmatched
C:\Users\lbouw\Downloads\Star_Wars_Books\New Republic Era\Novels\216 - Young Jedi Knights_Diversity Alliance.epub,216 - Young Jedi Knights_Diversity Alliance.epub,Book 08 - Diversity Alliance,Kevin J. Anderson,,unmatched
C:\Users\lbouw\Downloads\Star_Wars_Books\New Republic Era\Novels\217 - Young Jedi Knights_Delusions of Grandeur.epub,217 - Young Jedi Knights_Delusions of Grandeur.epub,Book 09 - Delusions of Grandeur,Kevin J. Anderson,,unmatched
C:\Users\lbouw\Downloads\Star_Wars_Books\New Republic Era\Novels\218 - Young Jedi Knights_Jedi Bounty.epub,218 - Young Jedi Knights_Jedi Bounty.epub,Book 10 - Jedi Bounty,Kevin J. Anderson,,unmatched
C:\Users\lbouw\Downloads\Star_Wars_Books\New Republic Era\Novels\219 - Young Jedi Knights_The Emperor's Plague.epub,219 - Young Jedi Knights_The Emperor's Plague.epub,Book 11 - The Emperor's Plague,Kevin J. Anderson,,unmatched
C:\Users\lbouw\Downloads\Star_Wars_Books\New Republic Era\Novels\220 - Young Jedi Knights_Return to Ord Mantell.epub,220 - Young Jedi Knights_Return to Ord Mantell.epub,Book 12 - Return to Ord Mantell,Kevin J. Anderson,,unmatched
C:\Users\lbouw\Downloads\Star_Wars_Books\New Republic Era\Novels\221 - Young Jedi Knights_Trouble on Cloud City.epub,221 - Young Jedi Knights_Trouble on Cloud City.epub,Book 13 - Trouble on Cloud City,Kevin J. Anderson,,unmatched
C:\Users\lbouw\Downloads\Star_Wars_Books\New Republic Era\Novels\222 - Young Jedi Knights_Crisis at Crystal Reef.epub,222 - Young Jedi Knights_Crisis at Crystal Reef.epub,Book 14 - Crisis at Crystal Reef,Kevin J. Anderson,,unmatched
C:\Users\lbouw\Downloads\Star_Wars_Books\Old Galactic Republic Era\Novels\003 - Lost Tribe of the Sith_The Collected Stories.epub,003 - Lost Tribe of the Sith_The Collected Stories.epub,Book 1 - The Collected Stories,John Jackson Miller,,unmatched
C:\Users\lbouw\Downloads\Star_Wars_Books\Old Galactic Republic Era\Novels\004 - The Old Republic_Revan.epub,004 - The Old Republic_Revan.epub,Book 1 - Revan,Drew Karpyshyn,,unmatched
C:\Users\lbouw\Downloads\Star_Wars_Books\Old Galactic Republic Era\Novels\005 - The Old Republic_Deceived.epub,005 - The Old Republic_Deceived.epub,Book 2 - Deceived,Paul S. Kemp,,unmatched
C:\Users\lbouw\Downloads\Star_Wars_Books\Old Galactic Republic Era\Novels\006 - Red Harvest.epub,006 - Red Harvest.epub,Book 1 - Red Harvest,Joe Schreiber,,unmatched
C:\Users\lbouw\Downloads\Star_Wars_Books\Old Galactic Republic Era\Novels\007 - The Old Republic_Fatal Alliance.epub,007 - The Old Republic_Fatal Alliance.epub,Book 3 - Fatal Alliance,Sean Williams,,unmatched
C:\Users\lbouw\Downloads\Star_Wars_Books\Old Galactic Republic Era\Novels\008 -  The Old Republic_Annihilation.epub,008 -  The Old Republic_Annihilation.epub,Annihilation,Drew Karpyshyn,,unmatched
C:\Users\lbouw\Downloads\Star_Wars_Books\Old Galactic Republic Era\Novels\009 - Knight Errant.epub,009 - Knight Errant.epub,Book 1 - Knight Errant,John Jackson Miller,,unmatched
C:\Users\lbouw\Downloads\Star_Wars_Books\Old Galactic Republic Era\Novels\010 - Darth Bane_Path of Destruction.epub,010 - Darth Bane_Path of Destruction.epub,Book 1 - Path of Destruction,Drew Karpyshyn,,unmatched
C:\Users\lbouw\Downloads\Star_Wars_Books\Old Galactic Republic Era\Novels\011 - Darth Bane_Rule of Two.epub,011 - Darth Bane_Rule of Two.epub,Book 2 - Rule of Two,Drew Karpyshyn,,unmatched
C:\Users\lbouw\Downloads\Star_Wars_Books\Old Galactic Republic Era\Novels\012 - Darth Bane_Dynasty of Evil.epub,012 - Darth Bane_Dynasty of Evil.epub,Book 3 - Dynasty of Evil,Drew Karpyshyn,,unmatched
C:\Users\lbouw\Downloads\Star_Wars_Books\Rebellion Era\Novels\120 - Shadow Games.epub,120 - Shadow Games.epub,Book 1 - Shadow Games,Michael Reaves,,unmatched
C:\Users\lbouw\Downloads\Star_Wars_Books\Rebellion Era\Novels\121 - Episode IV_A New Hope.epub,121 - Episode IV_A New Hope.epub,Book 1 - A New Hope,George Lucas,,unmatched
C:\Users\lbouw\Downloads\Star_Wars_Books\Rebellion Era\Novels\122 - Tales From Mos Eisley Cantina.epub,122 - Tales From Mos Eisley Cantina.epub,Book 1 - Tales From Mos Eisley Cantina,Kevin J. Anderson,,unmatched
C:\Users\lbouw\Downloads\Star_Wars_Books\Rebellion Era\Novels\123 - Scoundrels.epub,123 - Scoundrels.epub,Scoundrels: Star Wars,Timothy Zahn,,unmatched
C:\Users\lbouw\Downloads\Star_Wars_Books\Rebellion Era\Novels\124 - Rebel Force_Target.epub,124 - Rebel Force_Target.epub,Book 1 - Target,Alex Wheeler,,unmatched
C:\Users\lbouw\Downloads\Star_Wars_Books\Rebellion Era\Novels\125 - Rebel Force_Hostage.epub,125 - Rebel Force_Hostage.epub,Book 2 - Hostage,Alex Wheeler,,unmatched
C:\Users\lbouw\Downloads\Star_Wars_Books\Rebellion Era\Novels\126 - Rebel Force_Renegade.epub,126 - Rebel Force_Renegade.epub,Book 3 - Renegade,Alex Wheeler,,unmatched
C:\Users\lbouw\Downloads\Star_Wars_Books\Rebellion Era\Novels\127 - Rebel Force_Firefight.epub,127 - Rebel Force_Firefight.epub,Book 4 - Firefight,Alex Wheeler,,unmatched
C:\Users\lbouw\Downloads\Star_Wars_Books\Rebellion Era\Novels\128 - Rebel Force_Trapped.epub,128 - Rebel Force_Trapped.epub,Book 5 - Trapped,Alex Wheeler,,unmatched
C:\Users\lbouw\Downloads\Star_Wars_Books\Rebellion Era\Novels\129 - Allegiance.epub,129 - Allegiance.epub,Book 1 - Allegiance,Timothy Zahn,,unmatched
C:\Users\lbouw\Downloads\Star_Wars_Books\Rebellion Era\Novels\130 - Rebel Force_Uprising.epub,130 - Rebel Force_Uprising.epub,Book 6 - Uprising,Alex Wheeler,,unmatched
C:\Users\lbouw\Downloads\Star_Wars_Books\Rebellion Era\Novels\131 - Eaten Alive.epub,131 - Eaten Alive.epub,Book 01 - Eaten Alive,John Whitman,,unmatched
C:\Users\lbouw\Downloads\Star_Wars_Books\Rebellion Era\Novels\132 - City of the Dead.epub,132 - City of the Dead.epub,Book 02 - City of the Dead,John Whitman,,unmatched
C:\Users\lbouw\Downloads\Star_Wars_Books\Rebellion Era\Novels\133 - Planet Plague.epub,133 - Planet Plague.epub,Book 03 - Planet Plague,John Whitman,,unmatched
C:\Users\lbouw\Downloads\Star_Wars_Books\Rebellion Era\Novels\134 - The Nightmare Machine.epub,134 - The Nightmare Machine.epub,Book 04 - The Nightmare Machine,John Whitman,,unmatched
C:\Users\lbouw\Downloads\Star_Wars_Books\Rebellion Era\Novels\135 - Ghost of the Jedi.epub,135 - Ghost of the Jedi.epub,Book 05 - Ghost of the Jedi,John Whitman,,unmatched
C:\Users\lbouw\Downloads\Star_Wars_Books\Rebellion Era\Novels\136 - Army of Terror.epub,136 - Army of Terror.epub,Book 06 - Army of Terror,John Whitman,,unmatched
C:\Users\lbouw\Downloads\Star_Wars_Books\Rebellion Era\Novels\137 - Choices of One.epub,137 - Choices of One.epub,Book 2 - Choices of One,Timothy Zahn,,unmatched
C:\Users\lbouw\Downloads\Star_Wars_Books\Rebellion Era\Novels\138 - The Brain Spiders.epub,138 - The Brain Spiders.epub,Book 07 - The Brain Spiders,John Whitman,,unmatched
C:\Users\lbouw\Downloads\Star_Wars_Books\Rebellion Era\Novels\139 - The Swarm.epub,139 - The Swarm.epub,Book 08 - The Swarm,John Whitman,,unmatched
C:\Users\lbouw\Downloads\Star_Wars_Books\Rebellion Era\Novels\140 - Spore.epub,140 - Spore.epub,Book 09 - Spore,John Whitman,,unmatched
C:\Users\lbouw\Downloads\Star_Wars_Books\Rebellion Era\Novels\141 - The Doomsday Ship.epub,141 - The Doomsday Ship.epub,Book 10 - The Doomsday Ship,John Whitman,,unmatched
C:\Users\lbouw\Downloads\Star_Wars_Books\Rebellion Era\Novels\142 - Clones.epub,142 - Clones.epub,Book 11 - Clones,John Whitman,,unmatched
C:\Users\lbouw\Downloads\Star_Wars_Books\Rebellion Era\Novels\143 - The Hunger.epub,143 - The Hunger.epub,Book 12 - The Hunger,John Whitman,,unmatched
C:\Users\lbouw\Downloads\Star_Wars_Books\Rebellion Era\Novels\144 - Honor Among Thieves.epub,144 - Honor Among Thieves.epub,Honor Among Thieves: Star Wars (Empire and Rebellion),James S.A. Corey,,unmatched
C:\Users\lbouw\Downloads\Star_Wars_Books\Rebellion Era\Novels\145 - Galaxies_The Ruins of Dantooine.epub,145 - Galaxies_The Ruins of Dantooine.epub,Book 1 - The Ruins of Dantooine,Voronica Whitney-Robinson,,unmatched
C:\Users\lbouw\Downloads\Star_Wars_Books\Rebellion Era\Novels\146 - Splinter of the Mind's Eye.epub,146 - Splinter of the Mind's Eye.epub,Book 1 - Splinter of the Mind's Eye,Alan Dean Foster,,unmatched
C:\Users\lbouw\Downloads\Star_Wars_Books\Rebellion Era\Novels\147 - Empire and Rebellion_Razor's Edge.epub,147 - Empire and Rebellion_Razor's Edge.epub,Razorâ€™s Edge: Star Wars (Empire and Rebellion),Martha Wells,,unmatched
C:\Users\lbouw\Downloads\Star_Wars_Books\Rebellion Era\Novels\148 - Episode V_The Empire Strikes Back.epub,148 - Episode V_The Empire Strikes Back.epub,Book 1 - The Empire Strikes Back,Donald F. Glut,,unmatched
C:\Users\lbouw\Downloads\Star_Wars_Books\Rebellion Era\Novels\149 - Tales of the Bounty Hunters.epub,149 - Tales of the Bounty Hunters.epub,Book 2 - Tales of the Bounty Hunters,Kevin J. Anderson,,unmatched
C:\Users\lbouw\Downloads\Star_Wars_Books\Rebellion Era\Novels\150 - Shadows of the Empire.epub,150 - Shadows of the Empire.epub,Book 1 - Shadows of the Empire,Steve Perry,,unmatched
C:\Users\lbouw\Downloads\Star_Wars_Books\Rebellion Era\Novels\151 - Tales From the Empire.epub,151 - Tales From the Empire.epub,Book 4 - Tales From the Empire,Peter Schweighofer,,unmatched
C:\Users\lbouw\Downloads\Star_Wars_Books\Rebellion Era\Novels\152 - Tales From Jabba's Palace.epub,152 - Tales From Jabba's Palace.epub,Book 3 - Tales From Jabba's Palace,Kevin J. Anderson,,unmatched
C:\Users\lbouw\Downloads\Star_Wars_Books\Rebellion Era\Novels\153 - Episode VI_Return of the Jedi.epub,153 - Episode VI_Return of the Jedi.epub,Book 1 - Return of the Jedi,James Kahn,,unmatched
C:\Users\lbouw\Downloads\Star_Wars_Books\Rebellion Era\Novels\154 - The Bounty Hunter Wars_The Mandalorian Armor.epub,154 - The Bounty Hunter Wars_The Mandalorian Armor.epub,Book 1 - The Mandalorian Armor,K. W. Jeter,,unmatched
C:\Users\lbouw\Downloads\Star_Wars_Books\Rebellion Era\Novels\155 - The Bounty Hunter Wars_Slave Ship.epub,155 - The Bounty Hunter Wars_Slave Ship.epub,Book 2 - Slave Ship,K. W. Jeter,,unmatched
C:\Users\lbouw\Downloads\Star_Wars_Books\Rebellion Era\Novels\156 - The Truce at Bakura.epub,156 - The Truce at Bakura.epub,Book 1 - The Truce at Bakura,Kathy Tyers,,unmatched
C:\Users\lbouw\Downloads\Star_Wars_Books\Rebellion Era\Novels\157 - The Bounty Hunter Wars_Hard Merchandise.epub,157 - The Bounty Hunter Wars_Hard Merchandise.epub,Book 3 - Hard Merchandise,K. W. Jeter,,unmatched
C:\Users\lbouw\Downloads\Star_Wars_Books\Rise of the Empire Era\Novels\013 - Legacy of the Jedi.epub,013 - Legacy of the Jedi.epub,Book 1 - Legacy of the Jedi,Jude Watson,,unmatched
C:\Users\lbouw\Downloads\Star_Wars_Books\Rise of the Empire Era\Novels\014 - Darth Plagueis.epub,014 - Darth Plagueis.epub,Book 1 - Darth Plagueis,James Luceno,,unmatched
C:\Users\lbouw\Downloads\Star_Wars_Books\Rise of the Empire Era\Novels\015 - Jedi Apprentice_The Rising Force.epub,015 - Jedi Apprentice_The Rising Force.epub,Book 01 - The Rising Force,Dave Wolverton,,unmatched
C:\Users\lbouw\Downloads\Star_Wars_Books\Rise of the Empire Era\Novels\016 - Jedi Apprentice_The Dark Rival.epub,016 - Jedi Apprentice_The Dark Rival.epub,Book 02 - The Dark Rival,Jude Watson,,unmatched
C:\Users\lbouw\Downloads\Star_Wars_Books\Rise of the Empire Era\Novels\017 - Jedi Apprentice_The Hidden Past.epub,017 - Jedi Apprentice_The Hidden Past.epub,Book 03 - The Hidden Past,Jude Watson,,unmatched
C:\Users\lbouw\Downloads\Star_Wars_Books\Rise of the Empire Era\Novels\018 - Jedi Apprentice_The Mark of the Crown.epub,018 - Jedi Apprentice_The Mark of the Crown.epub,Book 04 - The Mark of the Crown,Jude Watson,,unmatched
C:\Users\lbouw\Downloads\Star_Wars_Books\Rise of the Empire Era\Novels\019 - Jedi Apprentice_The Defenders of the Dead.epub,019 - Jedi Apprentice_The Defenders of the Dead.epub,Book 05 - The Defenders of the Dead,Jude Watson,,unmatched
C:\Users\lbouw\Downloads\Star_Wars_Books\Rise of the Empire Era\Novels\020 - Jedi Apprentice_The Uncertain Path.epub,020 - Jedi Apprentice_The Uncertain Path.epub,Book 06 - The Uncertain Path,Jude Watson,,unmatched
C:\Users\lbouw\Downloads\Star_Wars_Books\Rise of the Empire Era\Novels\021 - Jedi Apprentice_The Captive Temple.epub,021 - Jedi Apprentice_The Captive Temple.epub,Book 07 - The Captive Temple,Jude Watson,,unmatched
C:\Users\lbouw\Downloads\Star_Wars_Books\Rise of the Empire Era\Novels\022 - Jedi Apprentice_The Day of Reckoning.epub,022 - Jedi Apprentice_The Day of Reckoning.epub,Book 08 - The Day of Reckoning,Jude Watson,,unmatched
C:\Users\lbouw\Downloads\Star_Wars_Books\Rise of the Empire Era\Novels\023 - Jedi Apprentice_The Fight for Truth.epub,023 - Jedi Apprentice_The Fight for Truth.epub,Book 09 - The Fight for Truth,Jude Watson,,unmatched
C:\Users\lbouw\Downloads\Star_Wars_Books\Rise of the Empire Era\Novels\024 - Jedi Apprentice_The Shattered Peace.epub,024 - Jedi Apprentice_The Shattered Peace.epub,Book 10 - The Shattered Peace,Jude Watson,,unmatched
C:\Users\lbouw\Downloads\Star_Wars_Books\Rise of the Empire Era\Novels\025 - Jedi Apprentice_Deceptions.epub,025 - Jedi Apprentice_Deceptions.epub,Special Edition 01 - Deceptions,Jude Watson,,unmatched
C:\Users\lbouw\Downloads\Star_Wars_Books\Rise of the Empire Era\Novels\026 - The Life and Legend of Obi-Wan Kenobi.epub,026 - The Life and Legend of Obi-Wan Kenobi.epub,Book 1 - The Life and Legend of Obi-Wan Kenobi,Ryder Windham,,unmatched
C:\Users\lbouw\Downloads\Star_Wars_Books\Rise of the Empire Era\Novels\027 - Jedi Apprentice_The Deadly Hunter.epub,027 - Jedi Apprentice_The Deadly Hunter.epub,Book 11 - The Deadly Hunter,Jude Watson,,unmatched
C:\Users\lbouw\Downloads\Star_Wars_Books\Rise of the Empire Era\Novels\028 - Jedi Apprentice_The Evil Experiment.epub,028 - Jedi Apprentice_The Evil Experiment.epub,Book 12 - The Evil Experiment,Jude Watson,,unmatched
C:\Users\lbouw\Downloads\Star_Wars_Books\Rise of the Empire Era\Novels\029 - Jedi Apprentice_The Dangerous Rescue.epub,029 - Jedi Apprentice_The Dangerous Rescue.epub,Book 13 - The Dangerous Rescue,Jude Watson,,unmatched
C:\Users\lbouw\Downloads\Star_Wars_Books\Rise of the Empire Era\Novels\030 - Jedi Apprentice_The Ties That Bind.epub,030 - Jedi Apprentice_The Ties That Bind.epub,Book 14 - The Ties That Bind,Jude Watson,,unmatched
C:\Users\lbouw\Downloads\Star_Wars_Books\Rise of the Empire Era\Novels\031 - Jedi Apprentice_The Death of Hope.epub,031 - Jedi Apprentice_The Death of Hope.epub,Book 15 - The Death of Hope,Jude Watson,,unmatched
C:\Users\lbouw\Downloads\Star_Wars_Books\Rise of the Empire Era\Novels\032 - Jedi Apprentice_The Call to Vengeance.epub,032 - Jedi Apprentice_The Call to Vengeance.epub,Book 16 - The Call to Vengeance,Jude Watson,,unmatched
C:\Users\lbouw\Downloads\Star_Wars_Books\Rise of the Empire Era\Novels\033 - Jedi Apprentice_The Only Witness.epub,033 - Jedi Apprentice_The Only Witness.epub,Book 17 - The Only Witness,Jude Watson,,unmatched
C:\Users\lbouw\Downloads\Star_Wars_Books\Rise of the Empire Era\Novels\034 - Jedi Apprentice_The Threat Within.epub,034 - Jedi Apprentice_The Threat Within.epub,Book 18 - The Threat Within,Jude Watson,,unmatched
C:\Users\lbouw\Downloads\Star_Wars_Books\Rise of the Empire Era\Novels\035 - Jedi Apprentice_The Followers.epub,035 - Jedi Apprentice_The Followers.epub,Special Edition 02 - The Followers,Jude Watson,,unmatched
C:\Users\lbouw\Downloads\Star_Wars_Books\Rise of the Empire Era\Novels\036 - Secrets of the Jedi.epub,036 - Secrets of the Jedi.epub,Book 1 - Secrets of the Jedi,Jude Watson,,unmatched
C:\Users\lbouw\Downloads\Star_Wars_Books\Rise of the Empire Era\Novels\037 - The Rise and Fall of Darth Vader.epub,037 - The Rise and Fall of Darth Vader.epub,Book 1 - The Rise and Fall of Darth Vader,Ryder Windham,,unmatched
C:\Users\lbouw\Downloads\Star_Wars_Books\Rise of the Empire Era\Novels\038 - Darth Maul_Saboteur.epub,038 - Darth Maul_Saboteur.epub,Book 1 - Saboteur,James Luceno,,unmatched
C:\Users\lbouw\Downloads\Star_Wars_Books\Rise of the Empire Era\Novels\039 - Cloak of Deception.epub,039 - Cloak of Deception.epub,Book 1 - Cloak of Deception,James Luceno,,unmatched
C:\Users\lbouw\Downloads\Star_Wars_Books\Rise of the Empire Era\Novels\040 - Maul_Lockdown.epub,040 - Maul_Lockdown.epub,Star Wars: Maul: Lockdown,Joe Schreiber,,unmatched
C:\Users\lbouw\Downloads\Star_Wars_Books\Rise of the Empire Era\Novels\041 - Darth Maul_Shadow Hunter.epub,041 - Darth Maul_Shadow Hunter.epub,Book 2 - Shadow Hunter,Michael Reaves,,unmatched
C:\Users\lbouw\Downloads\Star_Wars_Books\Rise of the Empire Era\Novels\042 - Episode I_The Phantom Menace.epub,042 - Episode I_The Phantom Menace.epub,Book 1 - The Phantom Menace,Terry Brooks,,unmatched
C:\Users\lbouw\Downloads\Star_Wars_Books\Rise of the Empire Era\Novels\043 - Journal_Anakin Skywalker.epub,043 - Journal_Anakin Skywalker.epub,Book 3 - Anakin Skywalker Journal,Todd Strasser,,unmatched
C:\Users\lbouw\Downloads\Star_Wars_Books\Rise of the Empire Era\Novels\044 - Journal_Darth Maul.epub,044 - Journal_Darth Maul.epub,Book 4 - Darth Maul Journal,Jude Watson,,unmatched
C:\Users\lbouw\Downloads\Star_Wars_Books\Rise of the Empire Era\Novels\045 - Journal_Queen Amidala.epub,045 - Journal_Queen Amidala.epub,Book 2 - Queen Amidala Journal,Jude Watson,,unmatched
C:\Users\lbouw\Downloads\Star_Wars_Books\Rise of the Empire Era\Novels\046 - Rogue Planet.epub,046 - Rogue Planet.epub,Book 1 - Rogue Planet,Greg Bear,,unmatched
C:\Users\lbouw\Downloads\Star_Wars_Books\Rise of the Empire Era\Novels\047 - Jedi Quest_Path to Truth.epub,047 - Jedi Quest_Path to Truth.epub,Book 01 - Path to Truth,Jude Watson,,unmatched
C:\Users\lbouw\Downloads\Star_Wars_Books\Rise of the Empire Era\Novels\048 - Jedi Quest_The Way of the Apprentice.epub,048 - Jedi Quest_The Way of the Apprentice.epub,Book 02 - The Way of the Apprentice,Jude Watson,,unmatched
C:\Users\lbouw\Downloads\Star_Wars_Books\Rise of the Empire Era\Novels\049 - Outbound Flight.epub,049 - Outbound Flight.epub,Book 1 - Outbound Flight,Timothy Zahn,,unmatched
C:\Users\lbouw\Downloads\Star_Wars_Books\Rise of the Empire Era\Novels\050 - Jedi Quest_The Trail of the Jedi.epub,050 - Jedi Quest_The Trail of the Jedi.epub,Book 03 - The Trail of the Jedi,Jude Watson,,unmatched
C:\Users\lbouw\Downloads\Star_Wars_Books\Rise of the Empire Era\Novels\051 - Jedi Quest_Dangerous Games.epub,051 - Jedi Quest_Dangerous Games.epub,Book 04 - Dangerous Games,Jude Watson,,unmatched
C:\Users\lbouw\Downloads\Star_Wars_Books\Rise of the Empire Era\Novels\052 - Jedi Quest_The Master of Disguise.epub,052 - Jedi Quest_The Master of Disguise.epub,Book 05 - The Master of Disguise,Jude Watson,,unmatched
C:\Users\lbouw\Downloads\Star_Wars_Books\Rise of the Empire Era\Novels\053 - Jedi Quest_The School of Fear.epub,053 - Jedi Quest_The School of Fear.epub,Book 06 - The School of Fear,Jude Watson,,unmatched
C:\Users\lbouw\Downloads\Star_Wars_Books\Rise of the Empire Era\Novels\054 - Jedi Quest_The Shadow Trap.epub,054 - Jedi Quest_The Shadow Trap.epub,Book 07 - The Shadow Trap,Jude Watson,,unmatched
C:\Users\lbouw\Downloads\Star_Wars_Books\Rise of the Empire Era\Novels\055 - Jedi Quest_The Moment of Truth.epub,055 - Jedi Quest_The Moment of Truth.epub,Book 08 - The Moment of Truth,Jude Watson,,unmatched
C:\Users\lbouw\Downloads\Star_Wars_Books\Rise of the Empire Era\Novels\056 - Jedi Quest_The Changing of the Guard.epub,056 - Jedi Quest_The Changing of the Guard.epub,Book 09 - The Changing of the Guard,Jude Watson,,unmatched
C:\Users\lbouw\Downloads\Star_Wars_Books\Rise of the Empire Era\Novels\057 - Jedi Quest_The False Peace.epub,057 - Jedi Quest_The False Peace.epub,Book 10 - The False Peace,Jude Watson,,unmatched
C:\Users\lbouw\Downloads\Star_Wars_Books\Rise of the Empire Era\Novels\058 - Jedi Quest_The Final Showdown.epub,058 - Jedi Quest_The Final Showdown.epub,Book 11 - The Final Showdown,Jude Watson,,unmatched
C:\Users\lbouw\Downloads\Star_Wars_Books\Rise of the Empire Era\Novels\059 - The Approaching Storm.epub,059 - The Approaching Storm.epub,Book 1 - The Approaching Storm,Alan Dean Foster,,unmatched
C:\Users\lbouw\Downloads\Star_Wars_Books\Rise of the Empire Era\Novels\060 - Episode II_Attack of the Clones.epub,060 - Episode II_Attack of the Clones.epub,Book 1 - Attack of the Clones,R. A. Salvatore,,unmatched
C:\Users\lbouw\Downloads\Star_Wars_Books\Rise of the Empire Era\Novels\061 - Boba Fett_The Fight to Survive.epub,061 - Boba Fett_The Fight to Survive.epub,Book 1 - The Fight to Survive,Terry Bisson,,unmatched
C:\Users\lbouw\Downloads\Star_Wars_Books\Rise of the Empire Era\Novels\062 - Boba Fett_Crossfire.epub,062 - Boba Fett_Crossfire.epub,Book 2 - Crossfire,Terry Bisson,,unmatched
C:\Users\lbouw\Downloads\Star_Wars_Books\Rise of the Empire Era\Novels\063 - Boba Fett_Maze of Deception.epub,063 - Boba Fett_Maze of Deception.epub,Book 3 - Maze of Deception,Elizabeth Hand,,unmatched
C:\Users\lbouw\Downloads\Star_Wars_Books\Rise of the Empire Era\Novels\064 - The Cestus Deception.epub,064 - The Cestus Deception.epub,Book 2 - The Cestus Deception,Steven Barnes,,unmatched
C:\Users\lbouw\Downloads\Star_Wars_Books\Rise of the Empire Era\Novels\065 - The Hive.epub,065 - The Hive.epub,Book 3 - The Hive,Steven Barnes,,unmatched
C:\Users\lbouw\Downloads\Star_Wars_Books\Rise of the Empire Era\Novels\066 - Jedi Trial.epub,066 - Jedi Trial.epub,Book 6 - Jedi Trial,David Sherman,,unmatched
C:\Users\lbouw\Downloads\Star_Wars_Books\Rise of the Empire Era\Novels\067 - The Clone Wars.epub,067 - The Clone Wars.epub,Book 1 - The Clone Wars,Karen Traviss,,unmatched
C:\Users\lbouw\Downloads\Star_Wars_Books\Rise of the Empire Era\Novels\068 - Clone Wars Secret Missions_Breakout Squad.epub,068 - Clone Wars Secret Missions_Breakout Squad.epub,Book 1 - Breakout Squad,Ryder Windham,,unmatched
C:\Users\lbouw\Downloads\Star_Wars_Books\Rise of the Empire Era\Novels\069 - Clone Wars Secret Missions_Curse of the Black Hole Pirates.epub,069 - Clone Wars Secret Missions_Curse of the Black Hole Pirates.epub,Book 2 - Curse of the Black Hole Pirates,Ryder Windham,,unmatched
C:\Users\lbouw\Downloads\Star_Wars_Books\Rise of the Empire Era\Novels\070 - Clone Wars Secret Missions_Duel at Shattered Rock.epub,070 - Clone Wars Secret Missions_Duel at Shattered Rock.epub,Book 3 - Duel at Shattered Rock,Ryder Windham,,unmatched
C:\Users\lbouw\Downloads\Star_Wars_Books\Rise of the Empire Era\Novels\071 - Clone Wars Secret Missions_Guardians of the Chiss Key.epub,071 - Clone Wars Secret Missions_Guardians of the Chiss Key.epub,Book 4 - Guardians of the Chiss Key,Ryder Windham,,unmatched
C:\Users\lbouw\Downloads\Star_Wars_Books\Rise of the Empire Era\Novels\072 - The Clone Wars_Wild Space.epub,072 - The Clone Wars_Wild Space.epub,Book 2 - Wild Space,Karen Miller,,unmatched
C:\Users\lbouw\Downloads\Star_Wars_Books\Rise of the Empire Era\Novels\073 - Boba Fett_Hunted.epub,073 - Boba Fett_Hunted.epub,Book 4 - Hunted,Elizabeth Hand,,unmatched
C:\Users\lbouw\Downloads\Star_Wars_Books\Rise of the Empire Era\Novels\074 - Republic Commando_Hard Contact.epub,074 - Republic Commando_Hard Contact.epub,Book 1 - Hard Contact,Karen Traviss,,unmatched
C:\Users\lbouw\Downloads\Star_Wars_Books\Rise of the Empire Era\Novels\075 - Shatterpoint.epub,075 - Shatterpoint.epub,Book 1 - Shatterpoint,Matthew Stover,,unmatched
C:\Users\lbouw\Downloads\Star_Wars_Books\Rise of the Empire Era\Novels\076 - The Clone Wars_No Prisoners.epub,076 - The Clone Wars_No Prisoners.epub,Book 3 - No Prisoners,Karen Traviss,,unmatched
C:\Users\lbouw\Downloads\Star_Wars_Books\Rise of the Empire Era\Novels\077 - Republic Commando_Triple Zero.epub,077 - Republic Commando_Triple Zero.epub,Book 2 - Triple Zero,Karen Traviss,,unmatched
C:\Users\lbouw\Downloads\Star_Wars_Books\Rise of the Empire Era\Novels\078 - Clone Wars Gambit_Stealth.epub,078 - Clone Wars Gambit_Stealth.epub,Book 1 - Stealth,Karen Miller,,unmatched
C:\Users\lbouw\Downloads\Star_Wars_Books\Rise of the Empire Era\Novels\079 - Clone Wars Gambit_Siege.epub,079 - Clone Wars Gambit_Siege.epub,Book 2 - Siege,Karen Miller,,unmatched
C:\Users\lbouw\Downloads\Star_Wars_Books\Rise of the Empire Era\Novels\080 - Republic Commando_True Colors.epub,080 - Republic Commando_True Colors.epub,Book 3 - True Colors,Karen Traviss,,unmatched
C:\Users\lbouw\Downloads\Star_Wars_Books\Rise of the Empire Era\Novels\081 - The Wrath of Darth Maul.epub,081 - The Wrath of Darth Maul.epub,Book 1 - The Wrath of Darth Maul,Ryder Windham,,unmatched
C:\Users\lbouw\Downloads\Star_Wars_Books\Rise of the Empire Era\Novels\082 - Medstar I_Battle Surgeons.epub,082 - Medstar I_Battle Surgeons.epub,Book 4 - Medstar I - Battle Surgeons,Michael Reaves,,unmatched
C:\Users\lbouw\Downloads\Star_Wars_Books\Rise of the Empire Era\Novels\083 - Medstar II_Jedi Healer.epub,083 - Medstar II_Jedi Healer.epub,Book 5 - Medstar II - Jedi Healer,Michael Reaves,,unmatched
C:\Users\lbouw\Downloads\Star_Wars_Books\Rise of the Empire Era\Novels\084 - Yoda Dark Rendezvous.epub,084 - Yoda Dark Rendezvous.epub,Book 7 - Yoda Dark Rendezvous,Sean Stewart,,unmatched
C:\Users\lbouw\Downloads\Star_Wars_Books\Rise of the Empire Era\Novels\085 - Boba Fett_A New Threat.epub,085 - Boba Fett_A New Threat.epub,Book 5 - A New Threat,Elizabeth Hand,,unmatched
C:\Users\lbouw\Downloads\Star_Wars_Books\Rise of the Empire Era\Novels\086 - Boba Fett_Pursuit.epub,086 - Boba Fett_Pursuit.epub,Book 6 - Pursuit,Elizabeth Hand,,unmatched
C:\Users\lbouw\Downloads\Star_Wars_Books\Rise of the Empire Era\Novels\087 - Episode III_Labyrinth of Evil.epub,087 - Episode III_Labyrinth of Evil.epub,Book 1 - Labyrinth of Evil,James Luceno,,unmatched
C:\Users\lbouw\Downloads\Star_Wars_Books\Rise of the Empire Era\Novels\088 - Episode III_Revenge of the Sith.epub,088 - Episode III_Revenge of the Sith.epub,Book 2 - Revenge of the Sith,Matthew Stover,,unmatched
C:\Users\lbouw\Downloads\Star_Wars_Books\Rise of the Empire Era\Novels\089 - Republic Commando_Order 066.epub,089 - Republic Commando_Order 066.epub,Book 4 - Order 66,Karen Traviss,,unmatched
C:\Users\lbouw\Downloads\Star_Wars_Books\Rise of the Empire Era\Novels\090 - Kenobi.epub,090 - Kenobi.epub,Kenobi: Star Wars,John Jackson Miller,,unmatched
C:\Users\lbouw\Downloads\Star_Wars_Books\Rise of the Empire Era\Novels\091 - Episode III_Dark Lord The Rise of Darth Vader.epub,091 - Episode III_Dark Lord The Rise of Darth Vader.epub,Book 3 - Dark Lord The Rise of Darth Vader,James Luceno,,unmatched
C:\Users\lbouw\Downloads\Star_Wars_Books\Rise of the Empire Era\Novels\092 - Republic Commando_501st.epub,092 - Republic Commando_501st.epub,Book 5 - 501st,Karen Traviss,,unmatched
C:\Users\lbouw\Downloads\Star_Wars_Books\Rise of the Empire Era\Novels\093 - Coruscant Nights_Jedi Twilight.epub,093 - Coruscant Nights_Jedi Twilight.epub,Book 1 - Jedi Twilight,Michael Reaves,,unmatched
C:\Users\lbouw\Downloads\Star_Wars_Books\Rise of the Empire Era\Novels\094 - The Last of the Jedi_The Desperate Mission.epub,094 - The Last of the Jedi_The Desperate Mission.epub,Book 01 - The Desperate Mission,Jude Watson,,unmatched
C:\Users\lbouw\Downloads\Star_Wars_Books\Rise of the Empire Era\Novels\095 - The Last of the Jedi_Dark Warning.epub,095 - The Last of the Jedi_Dark Warning.epub,Book 02 - Dark Warning,Jude Watson,,unmatched
C:\Users\lbouw\Downloads\Star_Wars_Books\Rise of the Empire Era\Novels\096 - The Last of the Jedi_Underworld.epub,096 - The Last of the Jedi_Underworld.epub,Book 03 - Underworld,Jude Watson,,unmatched
C:\Users\lbouw\Downloads\Star_Wars_Books\Rise of the Empire Era\Novels\097 - The Last of the Jedi_Death on Naboo.epub,097 - The Last of the Jedi_Death on Naboo.epub,Book 04 - Death on Naboo,Jude Watson,,unmatched
C:\Users\lbouw\Downloads\Star_Wars_Books\Rise of the Empire Era\Novels\098 - Coruscant Nights_Street of Shadows.epub,098 - Coruscant Nights_Street of Shadows.epub,Book 2 - Street of Shadows,Michael Reaves,,unmatched
C:\Users\lbouw\Downloads\Star_Wars_Books\Rise of the Empire Era\Novels\099 - The Last of the Jedi_A Tangled Web.epub,099 - The Last of the Jedi_A Tangled Web.epub,Book 05 - A Tangled Web,Jude Watson,,unmatched
C:\Users\lbouw\Downloads\Star_Wars_Books\Rise of the Empire Era\Novels\100 - The Last of the Jedi_Return of the Dark Side.epub,100 - The Last of the Jedi_Return of the Dark Side.epub,Book 06 - Return of the Dark Side,Jude Watson,,unmatched
C:\Users\lbouw\Downloads\Star_Wars_Books\Rise of the Empire Era\Novels\101 - The Last of the Jedi_Secret Weapon.epub,101 - The Last of the Jedi_Secret Weapon.epub,Book 07 - Secret Weapon,Jude Watson,,unmatched
C:\Users\lbouw\Downloads\Star_Wars_Books\Rise of the Empire Era\Novels\102 - The Last of the Jedi_Against the Empire.epub,102 - The Last of the Jedi_Against the Empire.epub,Book 08 - Against the Empire,Jude Watson,,unmatched
C:\Users\lbouw\Downloads\Star_Wars_Books\Rise of the Empire Era\Novels\103 - The Last of the Jedi_Master of Deception.epub,103 - The Last of the Jedi_Master of Deception.epub,Book 09 - Master of Deception,Jude Watson,,unmatched
C:\Users\lbouw\Downloads\Star_Wars_Books\Rise of the Empire Era\Novels\104 - The Last of the Jedi_Reckoning.epub,104 - The Last of the Jedi_Reckoning.epub,Book 10 - Reckoning,Jude Watson,,unmatched
C:\Users\lbouw\Downloads\Star_Wars_Books\Rise of the Empire Era\Novels\105 - Coruscant Nights_Patterns of Force.epub,105 - Coruscant Nights_Patterns of Force.epub,Book 3 - Patterns of Force,Michael Reaves,,unmatched
C:\Users\lbouw\Downloads\Star_Wars_Books\Rise of the Empire Era\Novels\106 - The Last Jedi.epub,106 - The Last Jedi.epub,The Last Jedi: Star Wars,Michael Reaves,,unmatched
C:\Users\lbouw\Downloads\Star_Wars_Books\Rise of the Empire Era\Novels\107 - A New Hope_The Life of Luke Skywalker.epub,107 - A New Hope_The Life of Luke Skywalker.epub,Book 1 - The Life of Luke Skywalker,Ryder Windham,,unmatched
C:\Users\lbouw\Downloads\Star_Wars_Books\Rise of the Empire Era\Novels\108 - Han Solo_The Paradise Snare.epub,108 - Han Solo_The Paradise Snare.epub,Book 1 - The Paradise Snare,A. C. Crispin,,unmatched
C:\Users\lbouw\Downloads\Star_Wars_Books\Rise of the Empire Era\Novels\109 - Han Solo_The Hutt Gambit.epub,109 - Han Solo_The Hutt Gambit.epub,Book 2 - The Hutt Gambit,A. C. Crispin,,unmatched
C:\Users\lbouw\Downloads\Star_Wars_Books\Rise of the Empire Era\Novels\110 - The Force Unleashed.epub,110 - The Force Unleashed.epub,Book 1 - The Force Unleashed,Sean Williams,,unmatched
C:\Users\lbouw\Downloads\Star_Wars_Books\Rise of the Empire Era\Novels\111 - The Adventures of Lando Calrissian.epub,111 - The Adventures of Lando Calrissian.epub,Book 1 - The Adventures of Lando Calrissian,L. Neil Smith,,unmatched
C:\Users\lbouw\Downloads\Star_Wars_Books\Rise of the Empire Era\Novels\112 - Death Star.epub,112 - Death Star.epub,Death Star,Michael Reaves,,unmatched
C:\Users\lbouw\Downloads\Star_Wars_Books\Rise of the Empire Era\Novels\113 - The Han Solo Adventures.epub,113 - The Han Solo Adventures.epub,Book 1 - The Han Solo Adventures,Brian Daley,,unmatched
C:\Users\lbouw\Downloads\Star_Wars_Books\Rise of the Empire Era\Novels\114 - Han Solo_Rebel Dawn.epub,114 - Han Solo_Rebel Dawn.epub,Book 3 - Rebel Dawn,A. C. Crispin,,unmatched
C:\Users\lbouw\Downloads\Star_Wars_Books\Rise of the Empire Era\Novels\115 - The Force Unleashed II.epub,115 - The Force Unleashed II.epub,Book 2 - The Force Unleashed II,Sean Williams,,unmatched
C:\Users\lbouw\Downloads\Star_Wars_Books\Rise of the Empire Era\Novels\116 - Dark Forces_Soldier for the Empire.epub,116 - Dark Forces_Soldier for the Empire.epub,Book 1 - Soldier for the Empire,William C. Dietz,,unmatched
C:\Users\lbouw\Downloads\Star_Wars_Books\Rise of the Empire Era\Novels\117 - Dark Forces_Rebel Agent.epub,117 - Dark Forces_Rebel Agent.epub,Book 2 - Rebel Agent,William C. Dietz,,unmatched
C:\Users\lbouw\Downloads\Star_Wars_Books\Rise of the Empire Era\Novels\118 - Dark Forces_Jedi Knight.epub,118 - Dark Forces_Jedi Knight.epub,Book 3 - Jedi Knight,William C. Dietz,,unmatched
C:\Users\lbouw\Downloads\Star_Wars_Books\Rise of the Empire Era\Novels\119 - Death Troopers.epub,119 - Death Troopers.epub,Book 1 - Death Troopers,Joe Schreiber,,unmatched
"C:\Users\lbouw\Downloads\Star_Wars_Books\Before the Republic\Novels\001 - The Adventures of Lanoree Brock, Je'daii Ranger.txt","001 - The Adventures of Lanoree Brock, Je'daii Ranger.txt","001 - The Adventures of Lanoree Brock, Je'daii Ranger",,,unmatched
